{
  "ucb_test_rmse": 0.9359635155713719,
  "sgd_test_rmse": 0.9446114723294435,
  "ucb_precision": {
    "5": 0.08648648648648649,
    "10": 0.07635135135135136,
    "15": 0.07027027027027027,
    "20": 0.06722972972972972
  },
  "sgd_precision": {
    "5": 0.06891891891891891,
    "10": 0.06554054054054055,
    "15": 0.06396396396396396,
    "20": 0.05912162162162162
  },
  "ucb_coverage": 0.09988109393579073,
  "sgd_coverage": 0.11296076099881094,
  "ucb_fit_time": 27.35400891304016,
  "sgd_fit_time": 19.266719341278076,
  "ucb_final_regret": 1180500.3937043492
}